[
	{
		"name":"Adalal Kakaoalan",
		"unitType":"Ranged",
		"uniqueTo":"The Lyfoda Kakaoalan",
		"movement":3,
		"strength":10,
		"rangedStrength":14,
		"cost":90,
		"hurryCostModifier":20,
		"requiredTech":"Construction",
		"obsoleteTech":"Machinery",
		"upgradesTo":"Crossbowman",
		"uniques":["+25% combat bonus in Forest/Jungle","May withdraw before melee","+2 movement in Forest/Jungle"],
		"attackSound":"arrow"
	},
	{
	"name":"Azozo Azen",
		"unitType":"Mounted",
		"uniqueTo":"The Lyfoda Kakaoalan",
		"replaces":"Horseman",
		"movement":3,
		"strength":16,
		"rangedStrength":20,
		"cost":110,
		"hurryCostModifier":20,
		"requiredTech":"Horseback Riding",
		"obsoleteTech":"Metallurgy",
		"upgradesTo":"Lancer",
		"uniques":["Can move after attacking","No defensive terrain bonus","Penalty vs City 33%"],
		"promotions":["Drill 1"],
		"attackSound":"arrow"
	}
]
